val_rouge2,epoch,step
0.14915089309215546,0,1006
0.1593577265739441,1,2013
0.18643616139888763,2,3020
